"","PassengerId","Survived","Pclass","Sex","Age","SibSp","Parch","Fare","Embarked"
"1",1,"0","3","male",22,1,0,7.25,"S"
"2",2,"1","1","female",38,1,0,71.2833,"C"
"3",3,"1","3","female",26,0,0,7.925,"S"
"4",4,"1","1","female",35,1,0,53.1,"S"
"5",5,"0","3","male",35,0,0,8.05,"S"
"6",6,"0","3","male",35.6726187118119,0,0,8.4583,"Q"
"7",7,"0","1","male",54,0,0,51.8625,"S"
"8",8,"0","3","male",2,3,1,21.075,"S"
"9",9,"1","3","female",27,0,2,11.1333,"S"
"10",10,"1","2","female",14,1,0,30.0708,"C"
"11",11,"1","3","female",4,1,1,16.7,"S"
"12",12,"1","1","female",58,0,0,26.55,"S"
"13",13,"0","3","male",20,0,0,8.05,"S"
"14",14,"0","3","male",39,1,5,31.275,"S"
"15",15,"0","3","female",14,0,0,7.8542,"S"
"16",16,"1","2","female",55,0,0,16,"S"
"17",17,"0","3","male",2,4,1,29.125,"Q"
"18",18,"1","2","male",40.046246481613,0,0,13,"S"
"19",19,"0","3","female",31,1,0,18,"S"
"20",20,"1","3","female",18.4594612346718,0,0,7.225,"C"
"21",21,"0","2","male",35,0,0,26,"S"
"22",22,"1","2","male",34,0,0,13,"S"
"23",23,"1","3","female",15,0,0,8.0292,"Q"
"24",24,"1","1","male",28,0,0,35.5,"S"
"25",25,"0","3","female",8,3,1,21.075,"S"
"26",26,"1","3","female",38,1,5,31.3875,"S"
"27",27,"0","3","male",28.2863254361567,0,0,7.225,"C"
"28",28,"0","1","male",19,3,2,263,"S"
"29",29,"1","3","female",19.2047136560227,0,0,7.8792,"Q"
"30",30,"0","3","male",25.8959624982374,0,0,7.8958,"S"
"31",31,"0","1","male",40,0,0,27.7208,"C"
"32",32,"1","1","female",42.2656066590414,1,0,146.5208,"C"
"33",33,"1","3","female",19.402546989356,0,0,7.75,"Q"
"34",34,"0","2","male",66,0,0,10.5,"S"
"35",35,"0","1","male",28,1,0,82.1708,"C"
"36",36,"0","1","male",42,1,0,52,"S"
"37",37,"1","3","male",23.0862433001209,0,0,7.2292,"C"
"38",38,"0","3","male",21,0,0,8.05,"S"
"39",39,"0","3","female",18,2,0,18,"S"
"40",40,"1","3","female",14,1,0,11.2417,"C"
"41",41,"0","3","female",40,1,0,9.475,"S"
"42",42,"0","2","female",27,1,0,21,"S"
"43",43,"0","3","male",27.5924681366221,0,0,7.8958,"C"
"44",44,"1","2","female",3,1,2,41.5792,"C"
"45",45,"1","3","female",19,0,0,7.8792,"Q"
"46",46,"0","3","male",26.2636801215874,0,0,8.05,"S"
"47",47,"0","3","male",35.9347660280469,1,0,15.5,"Q"
"48",48,"1","3","female",20.076046989356,0,0,7.75,"Q"
"49",49,"0","3","male",22.2218939719285,2,0,21.6792,"C"
"50",50,"0","3","female",18,1,0,17.8,"S"
"51",51,"0","3","male",7,4,1,39.6875,"S"
"52",52,"0","3","male",21,0,0,7.8,"S"
"53",53,"1","1","female",49,1,0,76.7292,"C"
"54",54,"1","2","female",29,1,0,26,"S"
"55",55,"0","1","male",65,0,1,61.9792,"C"
"56",56,"1","1","male",35.1855816977025,0,0,35.5,"S"
"57",57,"1","2","female",21,0,0,10.5,"S"
"58",58,"0","3","male",28.5,0,0,7.2292,"C"
"59",59,"1","2","female",5,1,2,27.75,"S"
"60",60,"0","3","male",11,5,2,46.9,"S"
"61",61,"0","3","male",22,0,0,7.2292,"C"
"62",62,"1","1","female",38,0,0,80,"S"
"63",63,"0","1","male",45,1,0,83.475,"S"
"64",64,"0","3","male",4,3,2,27.9,"S"
"65",65,"0","1","male",46.1012341710577,0,0,27.7208,"C"
"66",66,"1","3","male",11.4131777777778,1,1,15.2458,"C"
"67",67,"1","2","female",29,0,0,10.5,"S"
"68",68,"0","3","male",19,0,0,8.1583,"S"
"69",69,"1","3","female",17,4,2,7.925,"S"
"70",70,"0","3","male",26,2,0,8.6625,"S"
"71",71,"0","2","male",32,0,0,10.5,"S"
"72",72,"0","3","female",16,5,2,46.9,"S"
"73",73,"0","2","male",21,0,0,73.5,"S"
"74",74,"0","3","male",26,1,0,14.4542,"C"
"75",75,"1","3","male",32,0,0,56.4958,"S"
"76",76,"0","3","male",25,0,0,7.65,"S"
"77",77,"0","3","male",26.9955130337151,0,0,7.8958,"S"
"78",78,"0","3","male",26.4659852670374,0,0,8.05,"S"
"79",79,"1","2","male",0.83,0,2,29,"S"
"80",80,"1","3","female",30,0,0,12.475,"S"
"81",81,"0","3","male",22,0,0,9,"S"
"82",82,"1","3","male",29,0,0,9.5,"S"
"83",83,"1","3","female",21.1772659303737,0,0,7.7875,"Q"
"84",84,"0","1","male",28,0,0,47.1,"S"
"85",85,"1","2","female",17,0,0,10.5,"S"
"86",86,"1","3","female",33,3,0,15.85,"S"
"87",87,"0","3","male",16,1,3,34.375,"S"
"88",88,"0","3","male",26.7962276912798,0,0,8.05,"S"
"89",89,"1","1","female",23,3,2,263,"S"
"90",90,"0","3","male",24,0,0,8.05,"S"
"91",91,"0","3","male",29,0,0,8.05,"S"
"92",92,"0","3","male",20,0,0,7.8542,"S"
"93",93,"0","1","male",46,1,0,61.175,"S"
"94",94,"0","3","male",26,1,2,20.575,"S"
"95",95,"0","3","male",59,0,0,7.25,"S"
"96",96,"0","3","male",29.9492776926979,0,0,8.05,"S"
"97",97,"0","1","male",71,0,0,34.6542,"C"
"98",98,"1","1","male",23,0,1,63.3583,"C"
"99",99,"1","2","female",34,0,1,23,"S"
"100",100,"0","2","male",34,1,0,26,"S"
"101",101,"0","3","female",28,0,0,7.8958,"S"
"102",102,"0","3","male",29.5440730850932,0,0,7.8958,"S"
"103",103,"0","1","male",21,0,1,77.2875,"S"
"104",104,"0","3","male",33,0,0,8.6542,"S"
"105",105,"0","3","male",37,2,0,7.925,"S"
"106",106,"0","3","male",28,0,0,7.8958,"S"
"107",107,"1","3","female",21,0,0,7.65,"S"
"108",108,"1","3","male",25.375858443725,0,0,7.775,"S"
"109",109,"0","3","male",38,0,0,7.8958,"S"
"110",110,"1","3","female",24.3590717769159,1,0,24.15,"Q"
"111",111,"0","1","male",47,0,0,52,"S"
"112",112,"0","3","female",14.5,1,0,14.4542,"C"
"113",113,"0","3","male",22,0,0,8.05,"S"
"114",114,"0","3","female",20,1,0,9.825,"S"
"115",115,"0","3","female",17,0,0,14.4583,"C"
"116",116,"0","3","male",21,0,0,7.925,"S"
"117",117,"0","3","male",70.5,0,0,7.75,"Q"
"118",118,"0","2","male",29,1,0,21,"S"
"119",119,"0","1","male",24,0,1,247.5208,"C"
"120",120,"0","3","female",2,4,2,31.275,"S"
"121",121,"0","2","male",21,2,0,73.5,"S"
"122",122,"0","3","male",29.583303045734,0,0,8.05,"S"
"123",123,"0","2","male",32.5,1,0,30.0708,"C"
"124",124,"1","2","female",32.5,0,0,13,"S"
"125",125,"0","1","male",54,0,1,77.2875,"S"
"126",126,"1","3","male",12,1,0,11.2417,"C"
"127",127,"0","3","male",47.6561704562998,0,0,7.75,"Q"
"128",128,"1","3","male",24,0,0,7.1417,"S"
"129",129,"1","3","female",14.3641746031746,1,1,22.3583,"C"
"130",130,"0","3","male",45,0,0,6.975,"S"
"131",131,"0","3","male",33,0,0,7.8958,"C"
"132",132,"0","3","male",20,0,0,7.05,"S"
"133",133,"0","3","female",47,1,0,14.5,"S"
"134",134,"1","2","female",29,1,0,26,"S"
"135",135,"0","2","male",25,0,0,13,"S"
"136",136,"0","2","male",23,0,0,15.0458,"C"
"137",137,"1","1","female",19,0,2,26.2833,"S"
"138",138,"0","1","male",37,1,0,53.1,"S"
"139",139,"0","3","male",16,0,0,9.2167,"S"
"140",140,"0","1","male",24,0,0,79.2,"C"
"141",141,"0","3","female",28.5069267676768,0,2,15.2458,"C"
"142",142,"1","3","female",22,0,0,7.75,"S"
"143",143,"1","3","female",24,1,0,15.85,"S"
"144",144,"0","3","male",19,0,0,6.75,"Q"
"145",145,"0","2","male",18,0,0,11.5,"S"
"146",146,"0","2","male",19,1,1,36.75,"S"
"147",147,"1","3","male",27,0,0,7.7958,"S"
"148",148,"0","3","female",9,2,2,34.375,"S"
"149",149,"0","2","male",36.5,0,2,26,"S"
"150",150,"0","2","male",42,0,0,13,"S"
"151",151,"0","2","male",51,0,0,12.525,"S"
"152",152,"1","1","female",22,1,0,66.6,"S"
"153",153,"0","3","male",55.5,0,0,8.05,"S"
"154",154,"0","3","male",40.5,0,2,14.5,"S"
"155",155,"0","3","male",29.7726196714354,0,0,7.3125,"S"
"156",156,"0","1","male",51,0,1,61.3792,"C"
"157",157,"1","3","female",16,0,0,7.7333,"Q"
"158",158,"0","3","male",30,0,0,8.05,"S"
"159",159,"0","3","male",26.1111861377424,0,0,8.6625,"S"
"160",160,"0","3","male",12.6143434898435,8,2,69.55,"S"
"161",161,"0","3","male",44,0,1,16.1,"S"
"162",162,"1","2","female",40,0,0,15.75,"S"
"163",163,"0","3","male",26,0,0,7.775,"S"
"164",164,"0","3","male",17,0,0,8.6625,"S"
"165",165,"0","3","male",1,4,1,39.6875,"S"
"166",166,"1","3","male",9,0,2,20.525,"S"
"167",167,"1","1","female",31.1682451328864,0,1,55,"S"
"168",168,"0","3","female",45,1,4,27.9,"S"
"169",169,"0","1","male",50.2026517720093,0,0,25.925,"S"
"170",170,"0","3","male",28,0,0,56.4958,"S"
"171",171,"0","1","male",61,0,0,33.5,"S"
"172",172,"0","3","male",4,4,1,29.125,"Q"
"173",173,"1","3","female",1,1,1,11.1333,"S"
"174",174,"0","3","male",21,0,0,7.925,"S"
"175",175,"0","1","male",56,0,0,30.6958,"C"
"176",176,"0","3","male",18,1,1,7.8542,"S"
"177",177,"0","3","male",8.03658333333333,3,1,25.4667,"S"
"178",178,"0","1","female",50,0,0,28.7125,"C"
"179",179,"0","2","male",30,0,0,13,"S"
"180",180,"0","3","male",36,0,0,0,"S"
"181",181,"0","3","female",12.8834063714064,8,2,69.55,"S"
"182",182,"0","2","male",29.2103751721084,0,0,15.05,"C"
"183",183,"0","3","male",9,4,2,31.3875,"S"
"184",184,"1","2","male",1,2,1,39,"S"
"185",185,"1","3","female",4,0,2,22.025,"S"
"186",186,"0","1","male",48.0274111074451,0,0,50,"S"
"187",187,"1","3","female",23.1741813007254,1,0,15.5,"Q"
"188",188,"1","1","male",45,0,0,26.55,"S"
"189",189,"0","3","male",40,1,1,15.5,"Q"
"190",190,"0","3","male",36,0,0,7.8958,"S"
"191",191,"1","2","female",32,0,0,13,"S"
"192",192,"0","2","male",19,0,0,13,"S"
"193",193,"1","3","female",19,1,0,7.8542,"S"
"194",194,"1","2","male",3,1,1,26,"S"
"195",195,"1","1","female",44,0,0,27.7208,"C"
"196",196,"1","1","female",58,0,0,146.5208,"C"
"197",197,"0","3","male",45.6548260118553,0,0,7.75,"Q"
"198",198,"0","3","male",42,0,1,8.4042,"S"
"199",199,"1","3","female",19.7202607770303,0,0,7.75,"Q"
"200",200,"0","2","female",24,0,0,13,"S"
"201",201,"0","3","male",28,0,0,9.5,"S"
"202",202,"0","3","male",12.6929798534799,8,2,69.55,"S"
"203",203,"0","3","male",34,0,0,6.4958,"S"
"204",204,"0","3","male",45.5,0,0,7.225,"C"
"205",205,"1","3","male",18,0,0,8.05,"S"
"206",206,"0","3","female",2,0,1,10.4625,"S"
"207",207,"0","3","male",32,1,0,15.85,"S"
"208",208,"1","3","male",26,0,0,18.7875,"C"
"209",209,"1","3","female",16,0,0,7.75,"Q"
"210",210,"1","1","male",40,0,0,31,"C"
"211",211,"0","3","male",24,0,0,7.05,"S"
"212",212,"1","2","female",35,0,0,21,"S"
"213",213,"0","3","male",22,0,0,7.25,"S"
"214",214,"0","2","male",30,0,0,13,"S"
"215",215,"0","3","male",39.2440654972035,1,0,7.75,"Q"
"216",216,"1","1","female",31,1,0,113.275,"C"
"217",217,"1","3","female",27,0,0,7.925,"S"
"218",218,"0","2","male",42,1,0,27,"S"
"219",219,"1","1","female",32,0,0,76.2917,"C"
"220",220,"0","2","male",30,0,0,10.5,"S"
"221",221,"1","3","male",16,0,0,8.05,"S"
"222",222,"0","2","male",27,0,0,13,"S"
"223",223,"0","3","male",51,0,0,8.05,"S"
"224",224,"0","3","male",30.1379361757867,0,0,7.8958,"S"
"225",225,"1","1","male",38,1,0,90,"S"
"226",226,"0","3","male",22,0,0,9.35,"S"
"227",227,"1","2","male",19,0,0,10.5,"S"
"228",228,"0","3","male",20.5,0,0,7.25,"S"
"229",229,"0","2","male",18,0,0,13,"S"
"230",230,"0","3","female",7.96966666666667,3,1,25.4667,"S"
"231",231,"1","1","female",35,1,0,83.475,"S"
"232",232,"0","3","male",29,0,0,7.775,"S"
"233",233,"0","2","male",59,0,0,13.5,"S"
"234",234,"1","3","female",5,4,2,31.3875,"S"
"235",235,"0","2","male",24,0,0,10.5,"S"
"236",236,"0","3","female",31.7068095475192,0,0,7.55,"S"
"237",237,"0","2","male",44,1,0,26,"S"
"238",238,"1","2","female",8,0,2,26.25,"S"
"239",239,"0","2","male",19,0,0,10.5,"S"
"240",240,"0","2","male",33,0,0,12.275,"S"
"241",241,"0","3","female",24.0916893894535,1,0,14.4542,"C"
"242",242,"1","3","female",23.6653577713136,1,0,15.5,"Q"
"243",243,"0","2","male",29,0,0,10.5,"S"
"244",244,"0","3","male",22,0,0,7.125,"S"
"245",245,"0","3","male",30,0,0,7.225,"C"
"246",246,"0","1","male",44,2,0,90,"Q"
"247",247,"0","3","female",25,0,0,7.775,"S"
"248",248,"1","2","female",24,0,2,14.5,"S"
"249",249,"1","1","male",37,1,1,52.5542,"S"
"250",250,"0","2","male",54,1,0,26,"S"
"251",251,"0","3","male",27.5366617846909,0,0,7.25,"S"
"252",252,"0","3","female",29,1,1,10.4625,"S"
"253",253,"0","1","male",62,0,0,26.55,"S"
"254",254,"0","3","male",30,1,0,16.1,"S"
"255",255,"0","3","female",41,0,2,20.2125,"S"
"256",256,"1","3","female",29,0,2,15.2458,"C"
"257",257,"1","1","female",32.8773122793182,0,0,79.2,"C"
"258",258,"1","1","female",30,0,0,86.5,"S"
"259",259,"1","1","female",35,0,0,512.3292,"C"
"260",260,"1","2","female",50,0,1,26,"S"
"261",261,"0","3","male",46.8270569594456,0,0,7.75,"Q"
"262",262,"1","3","male",3,4,2,31.3875,"S"
"263",263,"0","1","male",52,1,1,79.65,"S"
"264",264,"0","1","male",40,0,0,0,"S"
"265",265,"0","3","female",36.7335390195751,0,0,7.75,"Q"
"266",266,"0","2","male",36,0,0,10.5,"S"
"267",267,"0","3","male",16,4,1,39.6875,"S"
"268",268,"1","3","male",25,1,0,7.775,"S"
"269",269,"1","1","female",58,0,1,153.4625,"S"
"270",270,"1","1","female",35,0,0,135.6333,"S"
"271",271,"0","1","male",50.4600720559737,0,0,31,"S"
"272",272,"1","3","male",25,0,0,0,"S"
"273",273,"1","2","female",41,0,1,19.5,"S"
"274",274,"0","1","male",37,0,1,29.7,"C"
"275",275,"1","3","female",22.9512012532208,0,0,7.75,"Q"
"276",276,"1","1","female",63,1,0,77.9583,"S"
"277",277,"0","3","female",45,0,0,7.75,"S"
"278",278,"0","2","male",36.7558528603522,0,0,0,"S"
"279",279,"0","3","male",7,4,1,29.125,"Q"
"280",280,"1","3","female",35,1,1,20.25,"S"
"281",281,"0","3","male",65,0,0,7.75,"Q"
"282",282,"0","3","male",28,0,0,7.8542,"S"
"283",283,"0","3","male",16,0,0,9.5,"S"
"284",284,"1","3","male",19,0,0,8.05,"S"
"285",285,"0","1","male",47.3734953867279,0,0,26,"S"
"286",286,"0","3","male",33,0,0,8.6625,"C"
"287",287,"1","3","male",30,0,0,9.5,"S"
"288",288,"0","3","male",22,0,0,7.8958,"S"
"289",289,"1","2","male",42,0,0,13,"S"
"290",290,"1","3","female",22,0,0,7.75,"Q"
"291",291,"1","1","female",26,0,0,78.85,"S"
"292",292,"1","1","female",19,1,0,91.0792,"C"
"293",293,"0","2","male",36,0,0,12.875,"C"
"294",294,"0","3","female",24,0,0,8.85,"S"
"295",295,"0","3","male",24,0,0,7.8958,"S"
"296",296,"0","1","male",41.366619028273,0,0,27.7208,"C"
"297",297,"0","3","male",23.5,0,0,7.2292,"C"
"298",298,"0","1","female",2,1,2,151.55,"S"
"299",299,"1","1","male",40.9391119930854,0,0,30.5,"S"
"300",300,"1","1","female",50,0,1,247.5208,"C"
"301",301,"1","3","female",21.778019435039,0,0,7.75,"Q"
"302",302,"1","3","male",25.9743333648369,2,0,23.25,"Q"
"303",303,"0","3","male",19,0,0,0,"S"
"304",304,"1","2","female",32.3936841411031,0,0,12.35,"Q"
"305",305,"0","3","male",28.5774085895548,0,0,8.05,"S"
"306",306,"1","1","male",0.92,1,2,151.55,"S"
"307",307,"1","1","female",28.4893913391473,0,0,110.8833,"C"
"308",308,"1","1","female",17,1,0,108.9,"C"
"309",309,"0","2","male",30,1,0,24,"C"
"310",310,"1","1","female",30,0,0,56.9292,"C"
"311",311,"1","1","female",24,0,0,83.1583,"C"
"312",312,"1","1","female",18,2,2,262.375,"C"
"313",313,"0","2","female",26,1,1,26,"S"
"314",314,"0","3","male",28,0,0,7.8958,"S"
"315",315,"0","2","male",43,1,1,26.25,"S"
"316",316,"1","3","female",26,0,0,7.8542,"S"
"317",317,"1","2","female",24,1,0,26,"S"
"318",318,"0","2","male",54,0,0,14,"S"
"319",319,"1","1","female",31,0,2,164.8667,"S"
"320",320,"1","1","female",40,1,1,134.5,"C"
"321",321,"0","3","male",22,0,0,7.25,"S"
"322",322,"0","3","male",27,0,0,7.8958,"S"
"323",323,"1","2","female",30,0,0,12.35,"Q"
"324",324,"1","2","female",22,1,1,29,"S"
"325",325,"0","3","male",12.7354798534799,8,2,69.55,"S"
"326",326,"1","1","female",36,0,0,135.6333,"C"
"327",327,"0","3","male",61,0,0,6.2375,"S"
"328",328,"1","2","female",36,0,0,13,"S"
"329",329,"1","3","female",31,1,1,20.525,"S"
"330",330,"1","1","female",16,0,1,57.9792,"C"
"331",331,"1","3","female",24.4913527208086,2,0,23.25,"Q"
"332",332,"0","1","male",45.5,0,0,28.5,"S"
"333",333,"0","1","male",38,0,1,153.4625,"S"
"334",334,"0","3","male",16,2,0,18,"S"
"335",335,"1","1","female",33.8334615618816,1,0,133.65,"S"
"336",336,"0","3","male",27.6418749423159,0,0,7.8958,"S"
"337",337,"0","1","male",29,1,0,66.6,"S"
"338",338,"1","1","female",41,0,0,134.5,"C"
"339",339,"1","3","male",45,0,0,8.05,"S"
"340",340,"0","1","male",45,0,0,35.5,"S"
"341",341,"1","2","male",2,1,1,26,"S"
"342",342,"1","1","female",24,3,2,263,"S"
"343",343,"0","2","male",28,0,0,13,"S"
"344",344,"0","2","male",25,0,0,13,"S"
"345",345,"0","2","male",36,0,0,13,"S"
"346",346,"1","2","female",24,0,0,13,"S"
"347",347,"1","2","female",40,0,0,13,"S"
"348",348,"1","3","female",26.6628439062359,1,0,16.1,"S"
"349",349,"1","3","male",3,1,1,15.9,"S"
"350",350,"0","3","male",42,0,0,8.6625,"S"
"351",351,"0","3","male",23,0,0,9.225,"S"
"352",352,"0","1","male",48.7500704399427,0,0,35,"S"
"353",353,"0","3","male",15,1,1,7.2292,"C"
"354",354,"0","3","male",25,1,0,17.8,"S"
"355",355,"0","3","male",29.5125832607976,0,0,7.225,"C"
"356",356,"0","3","male",28,0,0,9.5,"S"
"357",357,"1","1","female",22,0,1,55,"S"
"358",358,"0","2","female",38,0,0,13,"S"
"359",359,"1","3","female",23.1507323872914,0,0,7.8792,"Q"
"360",360,"1","3","female",23.1507323872914,0,0,7.8792,"Q"
"361",361,"0","3","male",40,1,4,27.9,"S"
"362",362,"0","2","male",29,1,0,27.7208,"C"
"363",363,"0","3","female",45,0,1,14.4542,"C"
"364",364,"0","3","male",35,0,0,7.05,"S"
"365",365,"0","3","male",34.4925758085442,1,0,15.5,"Q"
"366",366,"0","3","male",30,0,0,7.25,"S"
"367",367,"1","1","female",60,1,0,75.25,"C"
"368",368,"1","3","female",19.0810221278549,0,0,7.2292,"C"
"369",369,"1","3","female",22.5113527683723,0,0,7.75,"Q"
"370",370,"1","1","female",24,0,0,69.3,"C"
"371",371,"1","1","male",25,1,0,55.4417,"C"
"372",372,"0","3","male",18,1,0,6.4958,"S"
"373",373,"0","3","male",19,0,0,8.05,"S"
"374",374,"0","1","male",22,0,0,135.6333,"C"
"375",375,"0","3","female",3,3,1,21.075,"S"
"376",376,"1","1","female",34.0559808217767,1,0,82.1708,"C"
"377",377,"1","3","female",22,0,0,7.25,"S"
"378",378,"0","1","male",27,0,2,211.5,"C"
"379",379,"0","3","male",20,0,0,4.0125,"C"
"380",380,"0","3","male",19,0,0,7.775,"S"
"381",381,"1","1","female",42,0,0,227.525,"C"
"382",382,"1","3","female",1,0,2,15.7417,"C"
"383",383,"0","3","male",32,0,0,7.925,"S"
"384",384,"1","1","female",35,1,0,52,"S"
"385",385,"0","3","male",27.833188191692,0,0,7.8958,"S"
"386",386,"0","2","male",18,0,0,73.5,"S"
"387",387,"0","3","male",1,5,2,46.9,"S"
"388",388,"1","2","female",36,0,0,13,"S"
"389",389,"0","3","male",28.7679013536169,0,0,7.7292,"Q"
"390",390,"1","2","female",17,0,0,12,"C"
"391",391,"1","1","male",36,1,2,120,"S"
"392",392,"1","3","male",21,0,0,7.7958,"S"
"393",393,"0","3","male",28,2,0,7.925,"S"
"394",394,"1","1","female",23,1,0,113.275,"C"
"395",395,"1","3","female",24,0,2,16.7,"S"
"396",396,"0","3","male",22,0,0,7.7958,"S"
"397",397,"0","3","female",31,0,0,7.8542,"S"
"398",398,"0","2","male",46,0,0,26,"S"
"399",399,"0","2","male",23,0,0,10.5,"S"
"400",400,"1","2","female",28,0,0,12.65,"S"
"401",401,"1","3","male",39,0,0,7.925,"S"
"402",402,"0","3","male",26,0,0,8.05,"S"
"403",403,"0","3","female",21,1,0,9.825,"S"
"404",404,"0","3","male",28,1,0,15.85,"S"
"405",405,"0","3","female",20,0,0,8.6625,"S"
"406",406,"0","2","male",34,1,0,21,"S"
"407",407,"0","3","male",51,0,0,7.75,"S"
"408",408,"1","2","male",3,1,1,18.75,"S"
"409",409,"0","3","male",21,0,0,7.775,"S"
"410",410,"0","3","female",8.00233333333333,3,1,25.4667,"S"
"411",411,"0","3","male",28.0236989994817,0,0,7.8958,"S"
"412",412,"0","3","male",28.2757725196137,0,0,6.8583,"Q"
"413",413,"1","1","female",33,1,0,90,"Q"
"414",414,"0","2","male",37.8675167258984,0,0,0,"S"
"415",415,"1","3","male",44,0,0,7.925,"S"
"416",416,"0","3","female",25.648550433352,0,0,8.05,"S"
"417",417,"1","2","female",34,1,1,32.5,"S"
"418",418,"1","2","female",18,0,2,13,"S"
"419",419,"0","2","male",30,0,0,13,"S"
"420",420,"0","3","female",10,0,2,24.15,"S"
"421",421,"0","3","male",29.5793681659796,0,0,7.8958,"C"
"422",422,"0","3","male",21,0,0,7.7333,"Q"
"423",423,"0","3","male",29,0,0,7.875,"S"
"424",424,"0","3","female",28,1,1,14.4,"S"
"425",425,"0","3","male",18,1,1,20.2125,"S"
"426",426,"0","3","male",26.6471710045241,0,0,7.25,"S"
"427",427,"1","2","female",28,1,0,26,"S"
"428",428,"1","2","female",19,0,0,26,"S"
"429",429,"0","3","male",34.0960249248136,0,0,7.75,"Q"
"430",430,"1","3","male",32,0,0,8.05,"S"
"431",431,"1","1","male",28,0,0,26.55,"S"
"432",432,"1","3","female",28.6078038629458,1,0,16.1,"S"
"433",433,"1","2","female",42,1,0,26,"S"
"434",434,"0","3","male",17,0,0,7.125,"S"
"435",435,"0","1","male",50,1,0,55.9,"S"
"436",436,"1","1","female",14,1,2,120,"S"
"437",437,"0","3","female",21,2,2,34.375,"S"
"438",438,"1","2","female",24,2,3,18.75,"S"
"439",439,"0","1","male",64,1,4,263,"S"
"440",440,"0","2","male",31,0,0,10.5,"S"
"441",441,"1","2","female",45,1,1,26.25,"S"
"442",442,"0","3","male",20,0,0,9.5,"S"
"443",443,"0","3","male",25,1,0,7.775,"S"
"444",444,"1","2","female",28,0,0,13,"S"
"445",445,"1","3","male",32.5080155128533,0,0,8.1125,"S"
"446",446,"1","1","male",4,0,2,81.8583,"S"
"447",447,"1","2","female",13,0,1,19.5,"S"
"448",448,"1","1","male",34,0,0,26.55,"S"
"449",449,"1","3","female",5,2,1,19.2583,"C"
"450",450,"1","1","male",52,0,0,30.5,"S"
"451",451,"0","2","male",36,1,2,27.75,"S"
"452",452,"0","3","male",27.0576636329302,1,0,19.9667,"S"
"453",453,"0","1","male",30,0,0,27.75,"C"
"454",454,"1","1","male",49,1,0,89.1042,"C"
"455",455,"0","3","male",30.304924427832,0,0,8.05,"S"
"456",456,"1","3","male",29,0,0,7.8958,"C"
"457",457,"0","1","male",65,0,0,26.55,"S"
"458",458,"1","1","female",40.2291154604508,1,0,51.8625,"S"
"459",459,"1","2","female",50,0,0,10.5,"S"
"460",460,"0","3","male",34.1892392105279,0,0,7.75,"Q"
"461",461,"1","1","male",48,0,0,26.55,"S"
"462",462,"0","3","male",34,0,0,8.05,"S"
"463",463,"0","1","male",47,0,0,38.5,"S"
"464",464,"0","2","male",48,0,0,13,"S"
"465",465,"0","3","male",30.3438133167208,0,0,8.05,"S"
"466",466,"0","3","male",38,0,0,7.05,"S"
"467",467,"0","2","male",39.1177353638913,0,0,0,"S"
"468",468,"0","1","male",56,0,0,26.55,"S"
"469",469,"0","3","male",28.4639108774264,0,0,7.725,"Q"
"470",470,"1","3","female",0.75,2,1,19.2583,"C"
"471",471,"0","3","male",27.202364786254,0,0,7.25,"S"
"472",472,"0","3","male",38,0,0,8.6625,"S"
"473",473,"1","2","female",33,1,2,27.75,"S"
"474",474,"1","2","female",23,0,0,13.7917,"C"
"475",475,"0","3","female",22,0,0,9.8375,"S"
"476",476,"0","1","male",46.3379391547046,0,0,52,"S"
"477",477,"0","2","male",34,1,0,21,"S"
"478",478,"0","3","male",29,1,0,7.0458,"S"
"479",479,"0","3","male",22,0,0,7.5208,"S"
"480",480,"1","3","female",2,0,1,12.2875,"S"
"481",481,"0","3","male",9,5,2,46.9,"S"
"482",482,"0","2","male",39.1489853638913,0,0,0,"S"
"483",483,"0","3","male",50,0,0,8.05,"S"
"484",484,"1","3","female",63,0,0,9.5875,"S"
"485",485,"1","1","male",25,1,0,91.0792,"C"
"486",486,"0","3","female",8.56221428571429,3,1,25.4667,"S"
"487",487,"1","1","female",35,1,0,90,"S"
"488",488,"0","1","male",58,0,0,29.7,"C"
"489",489,"0","3","male",30,0,0,8.05,"S"
"490",490,"1","3","male",9,1,1,15.9,"S"
"491",491,"0","3","male",28.0023833298999,1,0,19.9667,"S"
"492",492,"0","3","male",21,0,0,7.25,"S"
"493",493,"0","1","male",55,0,0,30.5,"S"
"494",494,"0","1","male",71,0,0,49.5042,"C"
"495",495,"0","3","male",21,0,0,8.05,"S"
"496",496,"0","3","male",24.350160493711,0,0,14.4583,"C"
"497",497,"1","1","female",54,1,0,78.2667,"C"
"498",498,"0","3","male",27.6078625573665,0,0,15.1,"S"
"499",499,"0","1","female",25,1,2,151.55,"S"
"500",500,"0","3","male",24,0,0,7.7958,"S"
"501",501,"0","3","male",17,0,0,8.6625,"S"
"502",502,"0","3","female",21,0,0,7.75,"Q"
"503",503,"0","3","female",26.1443343925028,0,0,7.6292,"Q"
"504",504,"0","3","female",37,0,0,9.5875,"S"
"505",505,"1","1","female",16,0,0,86.5,"S"
"506",506,"0","1","male",18,1,0,108.9,"C"
"507",507,"1","2","female",33,0,2,26,"S"
"508",508,"1","1","male",40.676236520378,0,0,26.55,"S"
"509",509,"0","3","male",28,0,0,22.525,"S"
"510",510,"1","3","male",26,0,0,56.4958,"S"
"511",511,"1","3","male",29,0,0,7.75,"Q"
"512",512,"0","3","male",28.8021369049683,0,0,8.05,"S"
"513",513,"1","1","male",36,0,0,26.2875,"S"
"514",514,"1","1","female",54,1,0,59.4,"C"
"515",515,"0","3","male",24,0,0,7.4958,"S"
"516",516,"0","1","male",47,0,0,34.0208,"S"
"517",517,"1","2","female",34,0,0,10.5,"S"
"518",518,"0","3","male",32.1773734374461,0,0,24.15,"Q"
"519",519,"1","2","female",36,1,0,26,"S"
"520",520,"0","3","male",32,0,0,7.8958,"S"
"521",521,"1","1","female",30,0,0,93.5,"S"
"522",522,"0","3","male",22,0,0,7.8958,"S"
"523",523,"0","3","male",29.4878625738618,0,0,7.225,"C"
"524",524,"1","1","female",44,0,1,57.9792,"C"
"525",525,"0","3","male",28.2285346808767,0,0,7.2292,"C"
"526",526,"0","3","male",40.5,0,0,7.75,"Q"
"527",527,"1","2","female",50,0,0,10.5,"S"
"528",528,"0","1","male",38.0428548129842,0,0,221.7792,"S"
"529",529,"0","3","male",39,0,0,7.925,"S"
"530",530,"0","2","male",23,2,1,11.5,"S"
"531",531,"1","2","female",2,1,1,26,"S"
"532",532,"0","3","male",28.2285346808767,0,0,7.2292,"C"
"533",533,"0","3","male",17,1,1,7.2292,"C"
"534",534,"1","3","female",14.4569561507937,0,2,22.3583,"C"
"535",535,"0","3","female",30,0,0,8.6625,"S"
"536",536,"1","2","female",7,0,2,26.25,"S"
"537",537,"0","1","male",45,0,0,26.55,"S"
"538",538,"1","1","female",30,0,0,106.425,"C"
"539",539,"0","3","male",27.2481482716522,0,0,14.5,"S"
"540",540,"1","1","female",22,0,2,49.5,"C"
"541",541,"1","1","female",36,0,2,71,"S"
"542",542,"0","3","female",9,4,2,31.275,"S"
"543",543,"0","3","female",11,4,2,31.275,"S"
"544",544,"1","2","male",32,1,0,26,"S"
"545",545,"0","1","male",50,1,0,106.425,"C"
"546",546,"0","1","male",64,0,0,26,"S"
"547",547,"1","2","female",19,1,0,26,"S"
"548",548,"1","2","male",28.1869415728066,0,0,13.8625,"C"
"549",549,"0","3","male",33,1,1,20.525,"S"
"550",550,"1","2","male",8,1,1,36.75,"S"
"551",551,"1","1","male",17,0,2,110.8833,"C"
"552",552,"0","2","male",27,0,0,26,"S"
"553",553,"0","3","male",31.642188589699,0,0,7.8292,"Q"
"554",554,"1","3","male",22,0,0,7.225,"C"
"555",555,"1","3","female",22,0,0,7.775,"S"
"556",556,"0","1","male",62,0,0,26.55,"S"
"557",557,"1","1","female",48,1,0,39.6,"C"
"558",558,"0","1","male",36.1483511270566,0,0,227.525,"C"
"559",559,"1","1","female",39,1,1,79.65,"S"
"560",560,"1","3","female",36,1,0,17.4,"S"
"561",561,"0","3","male",35.5422074644961,0,0,7.75,"Q"
"562",562,"0","3","male",40,0,0,7.8958,"S"
"563",563,"0","2","male",28,0,0,13.5,"S"
"564",564,"0","3","male",29.7064802554021,0,0,8.05,"S"
"565",565,"0","3","female",27.1337763479602,0,0,8.05,"S"
"566",566,"0","3","male",24,2,0,24.15,"S"
"567",567,"0","3","male",19,0,0,7.8958,"S"
"568",568,"0","3","female",29,0,4,21.075,"S"
"569",569,"0","3","male",29.0004587522594,0,0,7.2292,"C"
"570",570,"1","3","male",32,0,0,7.8542,"S"
"571",571,"1","2","male",62,0,0,10.5,"S"
"572",572,"1","1","female",53,2,0,51.4792,"S"
"573",573,"1","1","male",36,0,0,26.3875,"S"
"574",574,"1","3","female",23.1375177938697,0,0,7.75,"Q"
"575",575,"0","3","male",16,0,0,8.05,"S"
"576",576,"0","3","male",19,0,0,14.5,"S"
"577",577,"1","2","female",34,0,0,13,"S"
"578",578,"1","1","female",39,1,0,55.9,"S"
"579",579,"0","3","female",23.2625227227868,1,0,14.4583,"C"
"580",580,"1","3","male",32,0,0,7.925,"S"
"581",581,"1","2","female",25,1,1,30,"S"
"582",582,"1","1","female",39,1,1,110.8833,"C"
"583",583,"0","2","male",54,0,0,26,"S"
"584",584,"0","1","male",36,0,0,40.125,"C"
"585",585,"0","3","male",28.1556275883924,0,0,8.7125,"C"
"586",586,"1","1","female",18,0,2,79.65,"S"
"587",587,"0","2","male",47,0,0,15,"S"
"588",588,"1","1","male",60,1,1,79.2,"C"
"589",589,"0","3","male",22,0,0,8.05,"S"
"590",590,"0","3","male",29.0066730629507,0,0,8.05,"S"
"591",591,"0","3","male",35,0,0,7.125,"S"
"592",592,"1","1","female",52,1,0,78.2667,"C"
"593",593,"0","3","male",47,0,0,7.25,"S"
"594",594,"0","3","female",29.5744968253968,0,2,7.75,"Q"
"595",595,"0","2","male",37,1,0,26,"S"
"596",596,"0","3","male",36,1,1,24.15,"S"
"597",597,"1","2","female",24.7105593892231,0,0,33,"S"
"598",598,"0","3","male",49,0,0,0,"S"
"599",599,"0","3","male",32.1869450400579,0,0,7.225,"C"
"600",600,"1","1","male",49,1,0,56.9292,"C"
"601",601,"1","2","female",24,2,1,27,"S"
"602",602,"0","3","male",29.4972020901827,0,0,7.8958,"S"
"603",603,"0","1","male",45.0149045749632,0,0,42.4,"S"
"604",604,"0","3","male",44,0,0,8.05,"S"
"605",605,"1","1","male",35,0,0,26.55,"C"
"606",606,"0","3","male",36,1,0,15.55,"S"
"607",607,"0","3","male",30,0,0,7.8958,"S"
"608",608,"1","1","male",27,0,0,30.5,"S"
"609",609,"1","2","female",22,1,2,41.5792,"C"
"610",610,"1","1","female",40,0,0,153.4625,"S"
"611",611,"0","3","female",39,1,5,31.275,"S"
"612",612,"0","3","male",35.4949519197093,0,0,7.05,"S"
"613",613,"1","3","female",26.3386208432091,1,0,15.5,"Q"
"614",614,"0","3","male",35.1001848970345,0,0,7.75,"Q"
"615",615,"0","3","male",35,0,0,8.05,"S"
"616",616,"1","2","female",24,1,2,65,"S"
"617",617,"0","3","male",34,1,1,14.4,"S"
"618",618,"0","3","female",26,1,0,16.1,"S"
"619",619,"1","2","female",4,2,1,39,"S"
"620",620,"0","2","male",26,0,0,10.5,"S"
"621",621,"0","3","male",27,1,0,14.4542,"C"
"622",622,"1","1","male",42,1,0,52.5542,"S"
"623",623,"1","3","male",20,1,1,15.7417,"C"
"624",624,"0","3","male",21,0,0,7.8542,"S"
"625",625,"0","3","male",21,0,0,16.1,"S"
"626",626,"0","1","male",61,0,0,32.3208,"S"
"627",627,"0","2","male",57,0,0,12.35,"Q"
"628",628,"1","1","female",21,0,0,77.9583,"S"
"629",629,"0","3","male",26,0,0,7.8958,"S"
"630",630,"0","3","male",30.4655974458111,0,0,7.7333,"Q"
"631",631,"1","1","male",80,0,0,30,"S"
"632",632,"0","3","male",51,0,0,7.0542,"S"
"633",633,"1","1","male",32,0,0,30.5,"C"
"634",634,"0","1","male",46.4694218992021,0,0,0,"S"
"635",635,"0","3","female",9,3,2,27.9,"S"
"636",636,"1","2","female",28,0,0,13,"S"
"637",637,"0","3","male",32,0,0,7.925,"S"
"638",638,"0","2","male",31,1,1,26.25,"S"
"639",639,"0","3","female",41,0,5,39.6875,"S"
"640",640,"0","3","male",28.1241502739359,1,0,16.1,"S"
"641",641,"0","3","male",20,0,0,7.8542,"S"
"642",642,"1","1","female",24,0,0,69.3,"C"
"643",643,"0","3","female",2,3,2,27.9,"S"
"644",644,"1","3","male",27.6535182118535,0,0,56.4958,"S"
"645",645,"1","3","female",0.75,2,1,19.2583,"C"
"646",646,"1","1","male",48,1,0,76.7292,"C"
"647",647,"0","3","male",19,0,0,7.8958,"S"
"648",648,"1","1","male",56,0,0,35.5,"C"
"649",649,"0","3","male",29.9134828055432,0,0,7.55,"S"
"650",650,"1","3","female",23,0,0,7.55,"S"
"651",651,"0","3","male",26.3117242929684,0,0,7.8958,"S"
"652",652,"1","2","female",18,0,1,23,"S"
"653",653,"0","3","male",21,0,0,8.4333,"S"
"654",654,"1","3","female",22.6651420015334,0,0,7.8292,"Q"
"655",655,"0","3","female",18,0,0,6.75,"Q"
"656",656,"0","2","male",24,2,0,73.5,"S"
"657",657,"0","3","male",26.3117242929684,0,0,7.8958,"S"
"658",658,"0","3","female",32,1,1,15.5,"Q"
"659",659,"0","2","male",23,0,0,13,"S"
"660",660,"0","1","male",58,0,2,113.275,"C"
"661",661,"1","1","male",50,2,0,133.65,"S"
"662",662,"0","3","male",40,0,0,7.225,"C"
"663",663,"0","1","male",47,0,0,25.5875,"S"
"664",664,"0","3","male",36,0,0,7.4958,"S"
"665",665,"1","3","male",20,1,0,7.925,"S"
"666",666,"0","2","male",32,2,0,73.5,"S"
"667",667,"0","2","male",25,0,0,13,"S"
"668",668,"0","3","male",27.7547139950909,0,0,7.775,"S"
"669",669,"0","3","male",43,0,0,8.05,"S"
"670",670,"1","1","female",38.8938447617453,1,0,52,"S"
"671",671,"1","2","female",40,1,1,39,"S"
"672",672,"0","1","male",31,1,0,52,"S"
"673",673,"0","2","male",70,0,0,10.5,"S"
"674",674,"1","2","male",31,0,0,13,"S"
"675",675,"0","2","male",42.3756345716362,0,0,0,"S"
"676",676,"0","3","male",18,0,0,7.775,"S"
"677",677,"0","3","male",24.5,0,0,8.05,"S"
"678",678,"1","3","female",18,0,0,9.8417,"S"
"679",679,"0","3","female",43,1,6,46.9,"S"
"680",680,"1","1","male",36,0,1,512.3292,"C"
"681",681,"0","3","female",26.9457492912556,0,0,8.1375,"Q"
"682",682,"1","1","male",27,0,0,76.7292,"C"
"683",683,"0","3","male",20,0,0,9.225,"S"
"684",684,"0","3","male",14,5,2,46.9,"S"
"685",685,"0","2","male",60,1,1,39,"S"
"686",686,"0","2","male",25,1,2,41.5792,"C"
"687",687,"0","3","male",14,4,1,39.6875,"S"
"688",688,"0","3","male",19,0,0,10.1708,"S"
"689",689,"0","3","male",18,0,0,7.7958,"S"
"690",690,"1","1","female",15,0,1,211.3375,"S"
"691",691,"1","1","male",31,1,0,57,"S"
"692",692,"1","3","female",4,0,1,13.4167,"C"
"693",693,"1","3","male",28.1758515451868,0,0,56.4958,"S"
"694",694,"0","3","male",25,0,0,7.225,"C"
"695",695,"0","1","male",60,0,0,26.55,"S"
"696",696,"0","2","male",52,0,0,13.5,"S"
"697",697,"0","3","male",44,0,0,8.05,"S"
"698",698,"1","3","female",20.904342136194,0,0,7.7333,"Q"
"699",699,"0","1","male",49,1,1,110.8833,"C"
"700",700,"0","3","male",42,0,0,7.65,"S"
"701",701,"1","1","female",18,1,0,227.525,"C"
"702",702,"1","1","male",35,0,0,26.2875,"S"
"703",703,"0","3","female",18,0,1,14.4542,"C"
"704",704,"0","3","male",25,0,0,7.7417,"Q"
"705",705,"0","3","male",26,1,0,7.8542,"S"
"706",706,"0","2","male",39,0,0,26,"S"
"707",707,"1","2","female",45,0,0,13.5,"S"
"708",708,"1","1","male",42,0,0,26.2875,"S"
"709",709,"1","1","female",22,0,0,151.55,"S"
"710",710,"1","3","male",10.4476398809524,1,1,15.2458,"C"
"711",711,"1","1","female",24,0,0,49.5042,"C"
"712",712,"0","1","male",48.1917555439428,0,0,26.55,"S"
"713",713,"1","1","male",48,1,0,52,"S"
"714",714,"0","3","male",29,0,0,9.4833,"S"
"715",715,"0","2","male",52,0,0,13,"S"
"716",716,"0","3","male",19,0,0,7.65,"S"
"717",717,"1","1","female",38,0,0,227.525,"C"
"718",718,"1","2","female",27,0,0,10.5,"S"
"719",719,"0","3","male",32.7783749194476,0,0,15.5,"Q"
"720",720,"0","3","male",33,0,0,7.775,"S"
"721",721,"1","2","female",6,0,1,33,"S"
"722",722,"0","3","male",17,1,0,7.0542,"S"
"723",723,"0","2","male",34,0,0,13,"S"
"724",724,"0","2","male",50,0,0,13,"S"
"725",725,"1","1","male",27,1,0,53.1,"S"
"726",726,"0","3","male",20,0,0,8.6625,"S"
"727",727,"1","2","female",30,3,0,21,"S"
"728",728,"1","3","female",20.5958055061574,0,0,7.7375,"Q"
"729",729,"0","2","male",25,1,0,26,"S"
"730",730,"0","3","female",25,1,0,7.925,"S"
"731",731,"1","1","female",29,0,0,211.3375,"S"
"732",732,"0","3","male",11,0,0,18.7875,"C"
"733",733,"0","2","male",37.2346385978491,0,0,0,"S"
"734",734,"0","2","male",23,0,0,13,"S"
"735",735,"0","2","male",23,0,0,13,"S"
"736",736,"0","3","male",28.5,0,0,16.1,"S"
"737",737,"0","3","female",48,1,3,34.375,"S"
"738",738,"1","1","male",35,0,0,512.3292,"C"
"739",739,"0","3","male",27.4643750777444,0,0,7.8958,"S"
"740",740,"0","3","male",27.5943750777444,0,0,7.8958,"S"
"741",741,"1","1","male",44.4300511208102,0,0,30,"S"
"742",742,"0","1","male",36,1,0,78.85,"S"
"743",743,"1","1","female",21,2,2,262.375,"C"
"744",744,"0","3","male",24,1,0,16.1,"S"
"745",745,"1","3","male",31,0,0,7.925,"S"
"746",746,"0","1","male",70,1,1,71,"S"
"747",747,"0","3","male",16,1,1,20.25,"S"
"748",748,"1","2","female",30,0,0,13,"S"
"749",749,"0","1","male",19,1,0,53.1,"S"
"750",750,"0","3","male",31,0,0,7.75,"Q"
"751",751,"1","2","female",4,1,1,23,"S"
"752",752,"1","3","male",6,0,1,12.475,"S"
"753",753,"0","3","male",33,0,0,9.5,"S"
"754",754,"0","3","male",23,0,0,7.8958,"S"
"755",755,"1","2","female",48,1,2,65,"S"
"756",756,"1","2","male",0.67,1,1,14.5,"S"
"757",757,"0","3","male",28,0,0,7.7958,"S"
"758",758,"0","2","male",18,0,0,11.5,"S"
"759",759,"0","3","male",34,0,0,8.05,"S"
"760",760,"1","1","female",33,0,0,86.5,"S"
"761",761,"0","3","male",27.9157378325963,0,0,14.5,"S"
"762",762,"0","3","male",41,0,0,7.125,"S"
"763",763,"1","3","male",20,0,0,7.2292,"C"
"764",764,"1","1","female",36,1,2,120,"S"
"765",765,"0","3","male",16,0,0,7.775,"S"
"766",766,"1","1","female",51,1,0,77.9583,"S"
"767",767,"0","1","male",40.503198417938,0,0,39.6,"C"
"768",768,"0","3","female",30.5,0,0,7.75,"Q"
"769",769,"0","3","male",31.5315379575063,1,0,24.15,"Q"
"770",770,"0","3","male",32,0,0,8.3625,"S"
"771",771,"0","3","male",24,0,0,9.5,"S"
"772",772,"0","3","male",48,0,0,7.8542,"S"
"773",773,"0","2","female",57,0,0,10.5,"S"
"774",774,"0","3","male",28.2098329582234,0,0,7.225,"C"
"775",775,"1","2","female",54,1,3,23,"S"
"776",776,"0","3","male",18,0,0,7.75,"S"
"777",777,"0","3","male",30.8727274822014,0,0,7.75,"Q"
"778",778,"1","3","female",5,0,0,12.475,"S"
"779",779,"0","3","male",28.6988064887891,0,0,7.7375,"Q"
"780",780,"1","1","female",43,0,1,211.3375,"S"
"781",781,"1","3","female",13,0,0,7.2292,"C"
"782",782,"1","1","female",17,1,0,57,"S"
"783",783,"0","1","male",29,0,0,30,"S"
"784",784,"0","3","male",28.2455714285714,1,2,23.45,"S"
"785",785,"0","3","male",25,0,0,7.05,"S"
"786",786,"0","3","male",25,0,0,7.25,"S"
"787",787,"1","3","female",18,0,0,7.4958,"S"
"788",788,"0","3","male",8,4,1,29.125,"Q"
"789",789,"1","3","male",1,1,2,20.575,"S"
"790",790,"0","1","male",46,0,0,79.2,"C"
"791",791,"0","3","male",31.6758584345823,0,0,7.75,"Q"
"792",792,"0","2","male",16,0,0,26,"S"
"793",793,"0","3","female",14.7486675546676,8,2,69.55,"S"
"794",794,"0","1","male",40.7565361749522,0,0,30.6958,"C"
"795",795,"0","3","male",25,0,0,7.8958,"S"
"796",796,"0","2","male",39,0,0,13,"S"
"797",797,"1","1","female",49,0,0,25.9292,"S"
"798",798,"1","3","female",31,0,0,8.6833,"S"
"799",799,"0","3","male",30,0,0,7.2292,"C"
"800",800,"0","3","female",30,1,1,24.15,"S"
"801",801,"0","2","male",34,0,0,13,"S"
"802",802,"1","2","female",31,1,1,26.25,"S"
"803",803,"1","1","male",11,1,2,120,"S"
"804",804,"1","3","male",0.42,0,1,8.5167,"C"
"805",805,"1","3","male",27,0,0,6.975,"S"
"806",806,"0","3","male",31,0,0,7.775,"S"
"807",807,"0","1","male",39,0,0,0,"S"
"808",808,"0","3","female",18,0,0,7.775,"S"
"809",809,"0","2","male",39,0,0,13,"S"
"810",810,"1","1","female",33,1,0,53.1,"S"
"811",811,"0","3","male",26,0,0,7.8875,"S"
"812",812,"0","3","male",39,0,0,24.15,"S"
"813",813,"0","2","male",35,0,0,10.5,"S"
"814",814,"0","3","female",6,4,2,31.275,"S"
"815",815,"0","3","male",30.5,0,0,8.05,"S"
"816",816,"0","1","male",40.5450041127878,0,0,0,"S"
"817",817,"0","3","female",23,0,0,7.925,"S"
"818",818,"0","2","male",31,1,1,37.0042,"C"
"819",819,"0","3","male",43,0,0,6.45,"S"
"820",820,"0","3","male",10,3,2,27.9,"S"
"821",821,"1","1","female",52,1,1,93.5,"S"
"822",822,"1","3","male",27,0,0,8.6625,"S"
"823",823,"0","1","male",38,0,0,0,"S"
"824",824,"1","3","female",27,0,1,12.475,"S"
"825",825,"0","3","male",2,4,1,39.6875,"S"
"826",826,"0","3","male",30.6984549933693,0,0,6.95,"Q"
"827",827,"0","3","male",28.2316398856901,0,0,56.4958,"S"
"828",828,"1","2","male",1,0,2,37.0042,"C"
"829",829,"1","3","male",26.9099727902258,0,0,7.75,"Q"
"830",830,"1","1","female",62,0,0,80,"S"
"831",831,"1","3","female",15,1,0,14.4542,"C"
"832",832,"1","2","male",0.83,1,1,18.75,"S"
"833",833,"0","3","male",27.752874323997,0,0,7.2292,"C"
"834",834,"0","3","male",23,0,0,7.8542,"S"
"835",835,"0","3","male",18,0,0,8.3,"S"
"836",836,"1","1","female",39,1,1,83.1583,"C"
"837",837,"0","3","male",21,0,0,8.6625,"S"
"838",838,"0","3","male",26.8729525052704,0,0,8.05,"S"
"839",839,"1","3","male",32,0,0,56.4958,"S"
"840",840,"1","1","male",35.9554959032928,0,0,29.7,"C"
"841",841,"0","3","male",20,0,0,7.925,"S"
"842",842,"0","2","male",16,0,0,10.5,"S"
"843",843,"1","1","female",30,0,0,31,"C"
"844",844,"0","3","male",34.5,0,0,6.4375,"C"
"845",845,"0","3","male",17,0,0,8.6625,"S"
"846",846,"0","3","male",42,0,0,7.55,"S"
"847",847,"0","3","male",14.3287132589633,8,2,69.55,"S"
"848",848,"0","3","male",35,0,0,7.8958,"C"
"849",849,"0","2","male",28,0,1,33,"S"
"850",850,"1","1","female",37.3407766748769,1,0,89.1042,"C"
"851",851,"0","3","male",4,4,2,31.275,"S"
"852",852,"0","3","male",74,0,0,7.775,"S"
"853",853,"0","3","female",9,1,1,15.2458,"C"
"854",854,"1","1","female",16,0,1,39.4,"S"
"855",855,"0","2","female",44,1,0,26,"S"
"856",856,"1","3","female",18,0,1,9.35,"S"
"857",857,"1","1","female",45,1,1,164.8667,"S"
"858",858,"1","1","male",51,0,0,26.55,"S"
"859",859,"1","3","female",24,0,3,19.2583,"C"
"860",860,"0","3","male",29.1264296413316,0,0,7.2292,"C"
"861",861,"0","3","male",41,2,0,14.1083,"S"
"862",862,"0","2","male",21,1,0,11.5,"S"
"863",863,"1","1","female",48,0,0,25.9292,"S"
"864",864,"0","3","female",14.5986675546676,8,2,69.55,"S"
"865",865,"0","2","male",24,0,0,13,"S"
"866",866,"1","2","female",42,0,0,13,"S"
"867",867,"1","2","female",27,1,0,13.8583,"C"
"868",868,"0","1","male",31,0,0,50.4958,"S"
"869",869,"0","3","male",29.9616870771206,0,0,9.5,"S"
"870",870,"1","3","male",4,1,1,11.1333,"S"
"871",871,"0","3","male",26,0,0,7.8958,"S"
"872",872,"1","1","female",47,1,1,52.5542,"S"
"873",873,"0","1","male",33,0,0,5,"S"
"874",874,"0","3","male",47,0,0,9,"S"
"875",875,"1","2","female",28,1,0,24,"C"
"876",876,"1","3","female",15,0,0,7.225,"C"
"877",877,"0","3","male",20,0,0,9.8458,"S"
"878",878,"0","3","male",19,0,0,7.8958,"S"
"879",879,"0","3","male",26.9271350750825,0,0,7.8958,"S"
"880",880,"1","1","female",56,0,1,83.1583,"C"
"881",881,"1","2","female",25,0,1,26,"S"
"882",882,"0","3","male",33,0,0,7.8958,"S"
"883",883,"0","3","female",22,0,0,10.5167,"S"
"884",884,"0","2","male",28,0,0,10.5,"S"
"885",885,"0","3","male",25,0,0,7.05,"S"
"886",886,"0","3","female",39,0,5,29.125,"Q"
"887",887,"0","2","male",27,0,0,13,"S"
"888",888,"1","1","female",19,0,0,30,"S"
"889",889,"0","3","female",28.3839458874459,1,2,23.45,"S"
"890",890,"1","1","male",26,0,0,30,"C"
"891",891,"0","3","male",32,0,0,7.75,"Q"
"892",892,"0","3","male",34.5,0,0,7.8292,"Q"
"893",893,"0","3","female",47,1,0,7,"S"
"894",894,"0","2","male",62,0,0,9.6875,"Q"
"895",895,"0","3","male",27,0,0,8.6625,"S"
"896",896,"0","3","female",22,1,1,12.2875,"S"
"897",897,"0","3","male",14,0,0,9.225,"S"
"898",898,"0","3","female",30,0,0,7.6292,"Q"
"899",899,"0","2","male",26,1,1,29,"S"
"900",900,"1","3","female",18,0,0,7.2292,"C"
"901",901,"0","3","male",21,2,0,24.15,"S"
"902",902,"0","3","male",27.1691334850105,0,0,7.8958,"S"
"903",903,"0","1","male",46,0,0,26,"S"
"904",904,"1","1","female",23,1,0,82.2667,"S"
"905",905,"0","2","male",63,1,0,26,"S"
"906",906,"1","1","female",47,1,0,61.175,"S"
"907",907,"1","2","female",24,1,0,27.7208,"C"
"908",908,"0","2","male",35,0,0,12.35,"Q"
"909",909,"0","3","male",21,0,0,7.225,"C"
"910",910,"0","3","female",27,1,0,7.925,"S"
"911",911,"0","3","female",45,0,0,7.225,"C"
"912",912,"1","1","male",55,1,0,59.4,"C"
"913",913,"1","3","male",9,0,1,3.1708,"S"
"914",914,"1","1","female",33.456988457341,0,0,31.6833,"S"
"915",915,"1","1","male",21,0,1,61.3792,"C"
"916",916,"1","1","female",48,1,3,262.375,"C"
"917",917,"0","3","male",50,1,0,14.5,"S"
"918",918,"1","1","female",22,0,1,61.9792,"C"
"919",919,"0","3","male",22.5,0,0,7.225,"C"
"920",920,"1","1","male",41,0,0,30.5,"S"
"921",921,"0","3","male",23.3154931505276,2,0,21.6792,"C"
"922",922,"0","2","male",50,1,0,26,"S"
"923",923,"0","2","male",24,2,0,31.5,"S"
"924",924,"0","3","female",33,1,2,20.575,"S"
"925",925,"0","3","female",28.8239458874459,1,2,23.45,"S"
"926",926,"1","1","male",30,1,0,57.75,"C"
"927",927,"0","3","male",18.5,0,0,7.2292,"C"
"928",928,"0","3","female",24.1288220397291,0,0,8.05,"S"
"929",929,"0","3","female",21,0,0,8.6625,"S"
"930",930,"0","3","male",25,0,0,9.5,"S"
"931",931,"1","3","male",27.817800780351,0,0,56.4958,"S"
"932",932,"0","3","male",39,0,1,13.4167,"C"
"933",933,"1","1","male",41.79174090325,0,0,26.55,"S"
"934",934,"0","3","male",41,0,0,7.85,"S"
"935",935,"1","2","female",30,0,0,13,"S"
"936",936,"1","1","female",45,1,0,52.5542,"S"
"937",937,"0","3","male",25,0,0,7.925,"S"
"938",938,"1","1","male",45,0,0,29.7,"C"
"939",939,"0","3","male",30.3162349963062,0,0,7.75,"Q"
"940",940,"1","1","female",60,0,0,76.2917,"C"
"941",941,"0","3","female",36,0,2,15.9,"S"
"942",942,"0","1","male",24,1,0,60,"S"
"943",943,"0","2","male",27,0,0,15.0333,"C"
"944",944,"1","2","female",20,2,1,23,"S"
"945",945,"1","1","female",28,3,2,263,"S"
"946",946,"0","2","male",31.8183081673628,0,0,15.5792,"C"
"947",947,"0","3","male",10,4,1,29.125,"Q"
"948",948,"0","3","male",35,0,0,7.8958,"S"
"949",949,"0","3","male",25,0,0,7.65,"S"
"950",950,"0","3","male",32.2103068873507,1,0,16.1,"S"
"951",951,"1","1","female",36,0,0,262.375,"C"
"952",952,"0","3","male",17,0,0,7.8958,"S"
"953",953,"0","2","male",32,0,0,13.5,"S"
"954",954,"0","3","male",18,0,0,7.75,"S"
"955",955,"1","3","female",22,0,0,7.725,"Q"
"956",956,"1","1","male",13,2,2,262.375,"C"
"957",957,"1","2","female",28.5826252489342,0,0,21,"S"
"958",958,"1","3","female",18,0,0,7.8792,"Q"
"959",959,"0","1","male",47,0,0,42.4,"S"
"960",960,"1","1","male",31,0,0,28.5375,"C"
"961",961,"1","1","female",60,1,4,263,"S"
"962",962,"1","3","female",24,0,0,7.75,"Q"
"963",963,"0","3","male",21,0,0,7.8958,"S"
"964",964,"0","3","female",29,0,0,7.925,"S"
"965",965,"1","1","male",28.5,0,0,27.7208,"C"
"966",966,"1","1","female",35,0,0,211.5,"C"
"967",967,"1","1","male",32.5,0,0,211.5,"C"
"968",968,"0","3","male",26.057729982677,0,0,8.05,"S"
"969",969,"1","1","female",55,2,0,25.7,"S"
"970",970,"0","2","male",30,0,0,13,"S"
"971",971,"1","3","female",24,0,0,7.75,"Q"
"972",972,"1","3","male",6,1,1,15.2458,"C"
"973",973,"0","1","male",67,1,0,221.7792,"S"
"974",974,"0","1","male",49,0,0,26,"S"
"975",975,"0","3","male",26.423196215995,0,0,7.8958,"S"
"976",976,"0","2","male",44.7996751881543,0,0,10.7083,"Q"
"977",977,"0","3","male",22.1949948777452,1,0,14.4542,"C"
"978",978,"0","3","female",27,0,0,7.8792,"Q"
"979",979,"0","3","female",18,0,0,8.05,"S"
"980",980,"0","3","female",29.4149023182056,0,0,7.75,"Q"
"981",981,"1","2","male",2,1,1,23,"S"
"982",982,"0","3","female",22,1,0,13.9,"S"
"983",983,"0","3","male",27.3040594032795,0,0,7.775,"S"
"984",984,"1","1","female",27,1,2,52,"S"
"985",985,"0","3","male",27.2202290589868,0,0,8.05,"S"
"986",986,"0","1","male",25,0,0,26,"C"
"987",987,"0","3","male",25,0,0,7.7958,"S"
"988",988,"1","1","female",76,1,0,78.85,"S"
"989",989,"0","3","male",29,0,0,7.925,"S"
"990",990,"0","3","female",20,0,0,7.8542,"S"
"991",991,"0","3","male",33,0,0,8.05,"S"
"992",992,"1","1","female",43,1,0,55.4417,"C"
"993",993,"0","2","male",27,1,0,26,"S"
"994",994,"0","3","male",29.0262520140107,0,0,7.75,"Q"
"995",995,"0","3","male",26,0,0,7.775,"S"
"996",996,"1","3","female",16,1,1,8.5167,"C"
"997",997,"0","3","male",28,0,0,22.525,"S"
"998",998,"0","3","male",21,0,0,7.8208,"Q"
"999",999,"0","3","male",29.0237520140107,0,0,7.75,"Q"
"1000",1000,"0","3","male",25.4999193612419,0,0,8.7125,"S"
"1001",1001,"0","2","male",18.5,0,0,13,"S"
"1002",1002,"0","2","male",41,0,0,15.0458,"C"
"1003",1003,"0","3","female",28.0954771045304,0,0,7.7792,"Q"
"1004",1004,"1","1","female",36,0,0,31.6792,"C"
"1005",1005,"1","3","female",18.5,0,0,7.2833,"Q"
"1006",1006,"1","1","female",63,1,0,221.7792,"S"
"1007",1007,"0","3","male",18,1,0,14.4542,"C"
"1008",1008,"0","3","male",29.1623616676995,0,0,6.4375,"C"
"1009",1009,"1","3","female",1,1,1,16.7,"S"
"1010",1010,"1","1","male",36,0,0,75.2417,"C"
"1011",1011,"1","2","female",29,1,0,26,"S"
"1012",1012,"1","2","female",12,0,0,15.75,"S"
"1013",1013,"0","3","male",27.4676302647953,1,0,7.75,"Q"
"1014",1014,"1","1","female",35,1,0,57.75,"C"
"1015",1015,"0","3","male",28,0,0,7.25,"S"
"1016",1016,"0","3","male",29.0820853473441,0,0,7.75,"Q"
"1017",1017,"1","3","female",17,0,1,16.1,"S"
"1018",1018,"0","3","male",22,0,0,7.7958,"S"
"1019",1019,"1","3","female",26.7294699369258,2,0,23.25,"Q"
"1020",1020,"0","2","male",42,0,0,13,"S"
"1021",1021,"0","3","male",24,0,0,8.05,"S"
"1022",1022,"0","3","male",32,0,0,8.05,"S"
"1023",1023,"1","1","male",53,0,0,28.5,"C"
"1024",1024,"0","3","female",35.3715415140415,0,4,25.4667,"S"
"1025",1025,"0","3","male",26.8192491556403,1,0,6.4375,"C"
"1026",1026,"0","3","male",43,0,0,7.8958,"S"
"1027",1027,"0","3","male",24,0,0,7.8542,"S"
"1028",1028,"0","3","male",26.5,0,0,7.225,"C"
"1029",1029,"0","2","male",26,0,0,13,"S"
"1030",1030,"0","3","female",23,0,0,8.05,"S"
"1031",1031,"0","3","male",40,1,6,46.9,"S"
"1032",1032,"0","3","female",10,5,2,46.9,"S"
"1033",1033,"1","1","female",33,0,0,151.55,"S"
"1034",1034,"0","1","male",61,1,3,262.375,"C"
"1035",1035,"0","2","male",28,0,0,26,"S"
"1036",1036,"1","1","male",42,0,0,26.55,"S"
"1037",1037,"0","3","male",31,3,0,18,"S"
"1038",1038,"0","1","male",41.8833553608474,0,0,51.8625,"S"
"1039",1039,"0","3","male",22,0,0,8.05,"S"
"1040",1040,"1","1","male",40.6995378387707,0,0,26.55,"S"
"1041",1041,"0","2","male",30,1,1,26,"S"
"1042",1042,"1","1","female",23,0,1,83.1583,"C"
"1043",1043,"0","3","male",27.9643670206124,0,0,7.8958,"C"
"1044",1044,"0","3","male",60.5,0,0,9.64903984168378,"S"
"1045",1045,"0","3","female",36,0,2,12.1833,"S"
"1046",1046,"0","3","male",13,4,2,31.3875,"S"
"1047",1047,"0","3","male",24,0,0,7.55,"S"
"1048",1048,"1","1","female",29,0,0,221.7792,"S"
"1049",1049,"0","3","female",23,0,0,7.8542,"S"
"1050",1050,"1","1","male",42,0,0,26.55,"S"
"1051",1051,"1","3","female",26,0,2,13.775,"S"
"1052",1052,"0","3","female",29.7850253340786,0,0,7.7333,"Q"
"1053",1053,"1","3","male",7,1,1,15.2458,"C"
"1054",1054,"1","2","female",26,0,0,13.5,"S"
"1055",1055,"0","3","male",30.4694179690547,0,0,7,"S"
"1056",1056,"0","2","male",41,0,0,13,"S"
"1057",1057,"0","3","female",26,1,1,22.025,"S"
"1058",1058,"0","1","male",48,0,0,50.4958,"C"
"1059",1059,"0","3","male",18,2,2,34.375,"S"
"1060",1060,"1","1","female",40.1524805840295,0,0,27.7208,"C"
"1061",1061,"0","3","female",22,0,0,8.9625,"S"
"1062",1062,"0","3","male",27.5110651338555,0,0,7.55,"S"
"1063",1063,"0","3","male",27,0,0,7.225,"C"
"1064",1064,"0","3","male",23,1,0,13.9,"S"
"1065",1065,"0","3","male",25.7714627317964,0,0,7.2292,"C"
"1066",1066,"0","3","male",40,1,5,31.3875,"S"
"1067",1067,"1","2","female",15,0,2,39,"S"
"1068",1068,"1","2","female",20,0,0,36.75,"S"
"1069",1069,"1","1","male",54,1,0,55.4417,"C"
"1070",1070,"1","2","female",36,0,3,39,"S"
"1071",1071,"1","1","female",64,0,2,83.1583,"C"
"1072",1072,"0","2","male",30,0,0,13,"S"
"1073",1073,"1","1","male",37,1,1,83.1583,"C"
"1074",1074,"1","1","female",18,1,0,53.1,"S"
"1075",1075,"0","3","male",29.513399794335,0,0,7.75,"Q"
"1076",1076,"1","1","female",27,1,1,247.5208,"C"
"1077",1077,"0","2","male",40,0,0,16,"S"
"1078",1078,"1","2","female",21,0,1,21,"S"
"1079",1079,"0","3","male",17,2,0,8.05,"S"
"1080",1080,"0","3","female",17.2912786657787,8,2,69.55,"S"
"1081",1081,"0","2","male",40,0,0,13,"S"
"1082",1082,"0","2","male",34,1,0,26,"S"
"1083",1083,"0","1","male",42.4308435269092,0,0,26,"S"
"1084",1084,"1","3","male",11.5,1,1,14.5,"S"
"1085",1085,"0","2","male",61,0,0,12.35,"Q"
"1086",1086,"1","2","male",8,0,2,32.5,"S"
"1087",1087,"0","3","male",33,0,0,7.8542,"S"
"1088",1088,"1","1","male",6,0,2,134.5,"C"
"1089",1089,"0","3","female",18,0,0,7.775,"S"
"1090",1090,"0","2","male",23,0,0,10.5,"S"
"1091",1091,"0","3","female",24.0990616499048,0,0,8.1125,"S"
"1092",1092,"0","3","female",31.1625411980889,0,0,15.5,"Q"
"1093",1093,"1","3","male",0.33,0,2,14.4,"S"
"1094",1094,"1","1","male",47,1,0,227.525,"C"
"1095",1095,"1","2","female",8,1,1,26,"S"
"1096",1096,"0","2","male",25,0,0,10.5,"S"
"1097",1097,"0","1","male",41.8020814213724,0,0,25.7417,"C"
"1098",1098,"0","3","female",35,0,0,7.75,"Q"
"1099",1099,"0","2","male",24,0,0,10.5,"S"
"1100",1100,"1","1","female",33,0,0,27.7208,"C"
"1101",1101,"0","3","male",25,0,0,7.8958,"S"
"1102",1102,"0","3","male",32,0,0,22.525,"S"
"1103",1103,"0","3","male",27.5725457786503,0,0,7.05,"S"
"1104",1104,"0","2","male",17,0,0,73.5,"S"
"1105",1105,"1","2","female",60,1,0,26,"S"
"1106",1106,"0","3","female",38,4,2,7.775,"S"
"1107",1107,"0","1","male",42,0,0,42.5,"S"
"1108",1108,"0","3","female",28.968832250601,0,0,7.8792,"Q"
"1109",1109,"0","1","male",57,1,1,164.8667,"S"
"1110",1110,"1","1","female",50,1,1,211.5,"C"
"1111",1111,"0","3","male",25.2733253611675,0,0,8.05,"S"
"1112",1112,"1","2","female",30,1,0,13.8583,"C"
"1113",1113,"0","3","male",21,0,0,8.05,"S"
"1114",1114,"1","2","female",22,0,0,10.5,"S"
"1115",1115,"0","3","male",21,0,0,7.7958,"S"
"1116",1116,"1","1","female",53,0,0,27.4458,"C"
"1117",1117,"1","3","female",13.1267366161616,0,2,15.2458,"C"
"1118",1118,"0","3","male",23,0,0,7.7958,"S"
"1119",1119,"0","3","female",31.1262459142647,0,0,7.75,"Q"
"1120",1120,"0","3","male",40.5,0,0,15.1,"S"
"1121",1121,"0","2","male",36,0,0,13,"S"
"1122",1122,"0","2","male",14,0,0,65,"S"
"1123",1123,"1","1","female",21,0,0,26.55,"S"
"1124",1124,"0","3","male",21,1,0,6.4958,"S"
"1125",1125,"0","3","male",27.5727574774957,0,0,7.8792,"Q"
"1126",1126,"1","1","male",39,1,0,71.2833,"C"
"1127",1127,"0","3","male",20,0,0,7.8542,"S"
"1128",1128,"1","1","male",64,1,0,75.25,"C"
"1129",1129,"0","3","male",20,0,0,7.225,"C"
"1130",1130,"1","2","female",18,1,1,13,"S"
"1131",1131,"1","1","female",48,1,0,106.425,"C"
"1132",1132,"1","1","female",55,0,0,27.7208,"C"
"1133",1133,"1","2","female",45,0,2,30,"S"
"1134",1134,"1","1","male",45,1,1,134.5,"C"
"1135",1135,"0","3","male",25.2229378771403,0,0,7.8875,"S"
"1136",1136,"0","3","male",28.2419761904762,1,2,23.45,"S"
"1137",1137,"0","1","male",41,1,0,51.8625,"S"
"1138",1138,"1","2","female",22,0,0,21,"S"
"1139",1139,"0","2","male",42,1,1,32.5,"S"
"1140",1140,"1","2","female",29,1,0,26,"S"
"1141",1141,"0","3","female",24.990898916038,1,0,14.4542,"C"
"1142",1142,"1","2","female",0.92,1,2,27.75,"S"
"1143",1143,"0","3","male",20,0,0,7.925,"S"
"1144",1144,"1","1","male",27,1,0,136.7792,"C"
"1145",1145,"0","3","male",24,0,0,9.325,"S"
"1146",1146,"0","3","male",32.5,0,0,9.5,"S"
"1147",1147,"0","3","male",26.8834440160746,0,0,7.55,"S"
"1148",1148,"0","3","male",28.1107747472806,0,0,7.75,"Q"
"1149",1149,"0","3","male",28,0,0,8.05,"S"
"1150",1150,"1","2","female",19,0,0,13,"S"
"1151",1151,"0","3","male",21,0,0,7.775,"S"
"1152",1152,"0","3","male",36.5,1,0,17.4,"S"
"1153",1153,"0","3","male",21,0,0,7.8542,"S"
"1154",1154,"1","2","female",29,0,2,23,"S"
"1155",1155,"1","3","female",1,1,1,12.1833,"S"
"1156",1156,"0","2","male",30,0,0,12.7375,"C"
"1157",1157,"0","3","male",25.64896757942,0,0,7.8958,"S"
"1158",1158,"0","1","male",39.9972651705706,0,0,0,"S"
"1159",1159,"0","3","male",26.75529947593,0,0,7.55,"S"
"1160",1160,"0","3","female",24.5269783165714,0,0,8.05,"S"
"1161",1161,"0","3","male",17,0,0,8.6625,"S"
"1162",1162,"0","1","male",46,0,0,75.2417,"C"
"1163",1163,"0","3","male",28.0058699853758,0,0,7.75,"Q"
"1164",1164,"1","1","female",26,1,0,136.7792,"C"
"1165",1165,"0","3","female",31.7121119450111,1,0,15.5,"Q"
"1166",1166,"0","3","male",24.7212667800585,0,0,7.225,"C"
"1167",1167,"1","2","female",20,1,0,26,"S"
"1168",1168,"0","2","male",28,0,0,10.5,"S"
"1169",1169,"0","2","male",40,1,0,26,"S"
"1170",1170,"0","2","male",30,1,0,21,"S"
"1171",1171,"0","2","male",22,0,0,10.5,"S"
"1172",1172,"0","3","female",23,0,0,8.6625,"S"
"1173",1173,"1","3","male",0.75,1,1,13.775,"S"
"1174",1174,"0","3","female",31.2461387714075,0,0,7.75,"Q"
"1175",1175,"0","3","female",9,1,1,15.2458,"C"
"1176",1176,"1","3","female",2,1,1,20.2125,"S"
"1177",1177,"0","3","male",36,0,0,7.25,"S"
"1178",1178,"0","3","male",28.9977145051334,0,0,7.25,"S"
"1179",1179,"0","1","male",24,1,0,82.2667,"S"
"1180",1180,"0","3","male",25.5884296802929,0,0,7.2292,"C"
"1181",1181,"0","3","male",26.9455173658764,0,0,8.05,"S"
"1182",1182,"0","1","male",39.3279598608795,0,0,39.6,"S"
"1183",1183,"0","3","female",30,0,0,6.95,"Q"
"1184",1184,"0","3","male",25.5884296802929,0,0,7.2292,"C"
"1185",1185,"0","1","male",53,1,1,81.8583,"S"
"1186",1186,"0","3","male",36,0,0,9.5,"S"
"1187",1187,"0","3","male",26,0,0,7.8958,"S"
"1188",1188,"1","2","female",1,1,2,41.5792,"C"
"1189",1189,"0","3","male",24.2797057942058,2,0,21.6792,"C"
"1190",1190,"0","1","male",30,0,0,45.5,"S"
"1191",1191,"0","3","male",29,0,0,7.8542,"S"
"1192",1192,"0","3","male",32,0,0,7.775,"S"
"1193",1193,"0","2","male",30.4713105791312,0,0,15.0458,"C"
"1194",1194,"0","2","male",43,0,1,21,"S"
"1195",1195,"0","3","male",24,0,0,8.6625,"S"
"1196",1196,"0","3","female",32.1543314797409,0,0,7.75,"Q"
"1197",1197,"1","1","female",64,1,1,26.55,"S"
"1198",1198,"1","1","male",30,1,2,151.55,"S"
"1199",1199,"1","3","male",0.83,0,1,9.35,"S"
"1200",1200,"0","1","male",55,1,1,93.5,"S"
"1201",1201,"0","3","female",45,1,0,14.1083,"S"
"1202",1202,"0","3","male",18,0,0,8.6625,"S"
"1203",1203,"0","3","male",22,0,0,7.225,"C"
"1204",1204,"0","3","male",27.8790315267653,0,0,7.575,"S"
"1205",1205,"0","3","female",37,0,0,7.75,"Q"
"1206",1206,"1","1","female",55,0,0,135.6333,"C"
"1207",1207,"1","3","female",17,0,0,7.7333,"Q"
"1208",1208,"1","1","male",57,1,0,146.5208,"C"
"1209",1209,"0","2","male",19,0,0,10.5,"S"
"1210",1210,"0","3","male",27,0,0,7.8542,"S"
"1211",1211,"0","2","male",22,2,0,31.5,"S"
"1212",1212,"0","3","male",26,0,0,7.775,"S"
"1213",1213,"0","3","male",25,0,0,7.2292,"C"
"1214",1214,"0","2","male",26,0,0,13,"S"
"1215",1215,"1","1","male",33,0,0,26.55,"S"
"1216",1216,"1","1","female",39,0,0,211.3375,"S"
"1217",1217,"0","3","male",23,0,0,7.05,"S"
"1218",1218,"1","2","female",12,2,1,39,"S"
"1219",1219,"0","1","male",46,0,0,79.2,"C"
"1220",1220,"0","2","male",29,1,0,26,"S"
"1221",1221,"0","2","male",21,0,0,13,"S"
"1222",1222,"1","2","female",48,0,2,36.75,"S"
"1223",1223,"1","1","male",39,0,0,29.7,"C"
"1224",1224,"0","3","male",25.6207341605796,0,0,7.225,"C"
"1225",1225,"0","3","female",19,1,1,15.7417,"C"
"1226",1226,"0","3","male",27,0,0,7.8958,"S"
"1227",1227,"0","1","male",30,0,0,26,"S"
"1228",1228,"0","2","male",32,0,0,13,"S"
"1229",1229,"0","3","male",39,0,2,7.2292,"C"
"1230",1230,"0","2","male",25,0,0,31.5,"S"
"1231",1231,"0","3","male",26.4376479342611,0,0,7.2292,"C"
"1232",1232,"0","2","male",18,0,0,10.5,"S"
"1233",1233,"0","3","male",32,0,0,7.5792,"S"
"1234",1234,"0","3","male",40.8799166666667,1,9,69.55,"S"
"1235",1235,"1","1","female",58,0,1,512.3292,"C"
"1236",1236,"1","3","male",4.41812089077589,1,1,14.5,"S"
"1237",1237,"1","3","female",16,0,0,7.65,"S"
"1238",1238,"0","2","male",26,0,0,13,"S"
"1239",1239,"0","3","female",38,0,0,7.2292,"C"
"1240",1240,"0","2","male",24,0,0,13.5,"S"
"1241",1241,"1","2","female",31,0,0,21,"S"
"1242",1242,"1","1","female",45,0,1,63.3583,"C"
"1243",1243,"0","2","male",25,0,0,10.5,"S"
"1244",1244,"0","2","male",18,0,0,73.5,"S"
"1245",1245,"0","2","male",49,1,2,65,"S"
"1246",1246,"1","3","female",0.17,1,2,20.575,"S"
"1247",1247,"0","1","male",50,0,0,26,"S"
"1248",1248,"1","1","female",59,2,0,51.4792,"S"
"1249",1249,"0","3","male",26.379761758959,0,0,7.8792,"S"
"1250",1250,"0","3","male",27.7141569629665,0,0,7.75,"Q"
"1251",1251,"1","3","female",30,1,0,15.55,"S"
"1252",1252,"0","3","male",14.5,8,2,69.55,"S"
"1253",1253,"1","2","female",24,1,1,37.0042,"C"
"1254",1254,"1","2","female",31,0,0,21,"S"
"1255",1255,"0","3","male",27,0,0,8.6625,"S"
"1256",1256,"1","1","female",25,1,0,55.4417,"C"
"1257",1257,"0","3","female",38.8772307692308,1,9,69.55,"S"
"1258",1258,"0","3","male",24.4550496383,1,0,14.4583,"C"
"1259",1259,"0","3","female",22,0,0,39.6875,"S"
"1260",1260,"1","1","female",45,0,1,59.4,"C"
"1261",1261,"0","2","male",29,0,0,13.8583,"C"
"1262",1262,"0","2","male",21,1,0,11.5,"S"
"1263",1263,"1","1","female",31,0,0,134.5,"C"
"1264",1264,"0","1","male",49,0,0,0,"S"
"1265",1265,"0","2","male",44,0,0,13,"S"
"1266",1266,"1","1","female",54,1,1,81.8583,"S"
"1267",1267,"1","1","female",45,0,0,262.375,"C"
"1268",1268,"0","3","female",22,2,0,8.6625,"S"
"1269",1269,"0","2","male",21,0,0,11.5,"S"
"1270",1270,"0","1","male",55,0,0,50,"S"
"1271",1271,"0","3","male",5,4,2,31.3875,"S"
"1272",1272,"0","3","male",27.5741569629665,0,0,7.75,"Q"
"1273",1273,"0","3","male",26,0,0,7.8792,"Q"
"1274",1274,"0","3","female",25.1074403127223,0,0,14.5,"S"
"1275",1275,"0","3","female",19,1,0,16.1,"S"
"1276",1276,"0","2","male",41.7381690684062,0,0,12.875,"S"
"1277",1277,"1","2","female",24,1,2,65,"S"
"1278",1278,"0","3","male",24,0,0,7.775,"S"
"1279",1279,"0","2","male",57,0,0,13,"S"
"1280",1280,"0","3","male",21,0,0,7.75,"Q"
"1281",1281,"0","3","male",6,3,1,21.075,"S"
"1282",1282,"0","1","male",23,0,0,93.5,"S"
"1283",1283,"1","1","female",51,0,1,39.4,"S"
"1284",1284,"0","3","male",13,0,2,20.25,"S"
"1285",1285,"0","2","male",47,0,0,10.5,"S"
"1286",1286,"0","3","male",29,3,1,22.025,"S"
"1287",1287,"1","1","female",18,1,0,60,"S"
"1288",1288,"0","3","male",24,0,0,7.25,"Q"
"1289",1289,"1","1","female",48,1,1,79.2,"C"
"1290",1290,"0","3","male",22,0,0,7.775,"S"
"1291",1291,"0","3","male",31,0,0,7.7333,"Q"
"1292",1292,"1","1","female",30,0,0,164.8667,"S"
"1293",1293,"0","2","male",38,1,0,21,"S"
"1294",1294,"1","1","female",22,0,1,59.4,"C"
"1295",1295,"0","1","male",17,0,0,47.1,"S"
"1296",1296,"1","1","male",43,1,0,27.7208,"C"
"1297",1297,"0","2","male",20,0,0,13.8625,"C"
"1298",1298,"0","2","male",23,1,0,10.5,"S"
"1299",1299,"0","1","male",50,1,1,211.5,"C"
"1300",1300,"0","3","female",29.632833616493,0,0,7.7208,"Q"
"1301",1301,"1","3","female",3,1,1,13.775,"S"
"1302",1302,"0","3","female",30.48396060062,0,0,7.75,"Q"
"1303",1303,"1","1","female",37,1,0,90,"Q"
"1304",1304,"0","3","female",28,0,0,7.775,"S"
"1305",1305,"0","3","male",28.8089109874277,0,0,8.05,"S"
"1306",1306,"1","1","female",39,0,0,108.9,"C"
"1307",1307,"0","3","male",38.5,0,0,7.25,"S"
"1308",1308,"0","3","male",29.9048641646852,0,0,8.05,"S"
"1309",1309,"0","3","male",23.5068095238095,1,1,22.3583,"C"
